{"cameraMode":{"drawMode":0,"name":"Shaded","section":"Shading Mode"},"sceneLighting":false,"audioPlay":false,"sceneViewState":{"m_AlwaysRefresh":false,"showFog":true,"showSkybox":true,"showFlares":true,"showImageEffects":true,"showParticleSystems":true,"showVisualEffectGraphs":true,"m_FxEnabled":true},"in2DMode":false,"pivot":{"x":0.6340118646621704,"y":3.331568717956543,"z":0.30202996730804446},"rotation":{"x":-0.062457144260406497,"y":0.8726122975349426,"z":-0.1158565953373909,"w":-0.47037017345428469},"size":0.14134979248046876,"orthographic":false}