{"cameraMode":{"drawMode":0,"name":"Shaded","section":"Shading Mode"},"sceneLighting":false,"audioPlay":false,"sceneViewState":{"m_AlwaysRefresh":false,"showFog":true,"showSkybox":false,"showFlares":true,"showImageEffects":true,"showParticleSystems":true,"showVisualEffectGraphs":true,"m_FxEnabled":true},"in2DMode":false,"pivot":{"x":0.16753725707530976,"y":0.2973276674747467,"z":0.1271517276763916},"rotation":{"x":0.004065817687660456,"y":0.9952857494354248,"z":-0.08411143720149994,"w":0.048110637813806537},"size":0.26023679971694949,"orthographic":false}